{
  "project_info": {
    "project_number": "913788921271",
    "firebase_url": "https://polygameunity.firebaseio.com",
    "project_id": "polygameunity",
    "storage_bucket": "polygameunity.appspot.com"
  },
  "client": [
    {
      "client_info": {
        "mobilesdk_app_id": "1:913788921271:android:b441f808a2f40a837c7432",
        "android_client_info": {
          "package_name": "hu.aut.bme.PolygameUnity"
        }
      },
      "oauth_client": [
        {
          "client_id": "913788921271-d5df72rm9gm7b7sepnn8o8bvf52f29ni.apps.googleusercontent.com",
          "client_type": 3
        }
      ],
      "api_key": [
        {
          "current_key": "AIzaSyBGqdRpIkuid9sH0ZaQkMz7Q7LKjJHzIuA"
        }
      ],
      "services": {
        "appinvite_service": {
          "other_platform_oauth_client": [
            {
              "client_id": "913788921271-d5df72rm9gm7b7sepnn8o8bvf52f29ni.apps.googleusercontent.com",
              "client_type": 3
            }
          ]
        }
      }
    }
  ],
  "configuration_version": "1"
}